{
  "model": {
    "id": "stacker_logistic",
    "name": "Learned Stacker (J5L+DT+Market)",
    "method": "multinomial logistic over the three models' W/D/L vectors + per-model favourite confidence",
    "note": "Ship-ready artifact. WIRING IS A GATE-4 STEP (model source + cron + deploy)."
  },
  "feature_order": [
    "j5l_a",
    "j5l_d",
    "j5l_b",
    "j5l_conf",
    "dt_a",
    "dt_d",
    "dt_b",
    "dt_conf",
    "market_a",
    "market_d",
    "market_b",
    "market_conf"
  ],
  "classes": [
    "team_a_wins",
    "draw",
    "team_b_wins"
  ],
  "coef": [
    [
      0.5250939155342251,
      -0.03163594710882608,
      -0.49439000548656237,
      0.12692854389962535,
      0.37455805979735657,
      0.060492465112227334,
      -0.4354422206711672,
      -0.10888270915179307,
      0.3579119208452472,
      0.036100058705084495,
      -0.39459191381585357,
      -0.11554581713798137
    ],
    [
      0.029359021668891587,
      0.02449386177870529,
      -0.0521557030246284,
      -0.17359242988481682,
      0.1941636214156163,
      0.002759017707406022,
      -0.19667157407286656,
      -0.10478100552782531,
      0.28133219621624656,
      0.08467590233819094,
      -0.3655794258878859,
      -0.12380241815098855
    ],
    [
      -0.5544529372031172,
      0.007142085330120731,
      0.5465457085111912,
      0.046663885985191764,
      -0.5687216812129727,
      -0.0632514828196333,
      0.632113794744034,
      0.21366371467961875,
      -0.6392441170614941,
      -0.12077596104327558,
      0.7601713397037394,
      0.23934823528897006
    ]
  ],
  "intercept": [
    0.4037188369443733,
    0.29754415845271015,
    -0.7012629953970825
  ],
  "n_train": 72,
  "loo_metrics": {
    "n": 72,
    "acc": 0.6528,
    "brier": 0.498,
    "logloss": 0.8208
  },
  "baseline_equal_thirds_loo": {
    "n": 72,
    "acc": 0.6389,
    "brier": 0.4921,
    "logloss": 0.8453
  }
}
