{
  "a": 0.0667213906465503,
  "b": -51.7669346788085,
  "clamp_lo": 56.3,
  "clamp_hi": 93.1,
  "r2": 0.99999
}
